File accession	File format	Output type	Experiment accession	Assay	Biosample term id	Biosample term name	Biosample type	Biosample life stage	Biosample sex	Biosample Age	Biosample organism	Biosample treatments	Biosample subcellular fraction term name	Biosample phase	Biosample synchronization stage	Experiment target	Antibody accession	Library made from	Library depleted in	Library extraction method	Library lysis method	Library crosslinking method	Library strand specific	Experiment date released	Project	RBNS protein concentration	Library fragmentation method	Library size range	Biological replicate(s)	Technical replicate	Read length	Mapped read length	Run type	Paired end	Paired with	Derived from	Size	Lab	md5sum	dbxrefs	File download URL	Assembly	Platform	Controlled by	File Status	Audit WARNING	Audit INTERNAL_ACTION	Audit NOT_COMPLIANT	Audit ERROR
ENCFF567OQG	bam	alignments	ENCSR164BAZ	RNA-seq	UBERON:0000948	heart	tissue	adult	female	10 week	Mus musculus							polyadenylated mRNA		RNeasy Lipid Tissue Mini Kit (QIAGEN cat#74804)			True	2014-12-08	ENCODE				1							ENCFF533JRE, ENCFF871XHK, ENCFF952JKH	5877520758	ENCODE Processing Pipeline	45108d59fcad2b1db05ba3b410f337a1		https://www.encodeproject.org/files/ENCFF567OQG/@@download/ENCFF567OQG.bam	mm10			released	low read depth			
ENCFF273HOT	bam	transcriptome alignments	ENCSR164BAZ	RNA-seq	UBERON:0000948	heart	tissue	adult	female	10 week	Mus musculus							polyadenylated mRNA		RNeasy Lipid Tissue Mini Kit (QIAGEN cat#74804)			True	2014-12-08	ENCODE				1							ENCFF533JRE, ENCFF871XHK, ENCFF952JKH	4922762950	ENCODE Processing Pipeline	5ac7b411bc338d2d54ecda7608d4c218		https://www.encodeproject.org/files/ENCFF273HOT/@@download/ENCFF273HOT.bam	mm10			released	low read depth			
ENCFF577EWR	bam	alignments	ENCSR164BAZ	RNA-seq	UBERON:0000948	heart	tissue	adult	female	10 week	Mus musculus							polyadenylated mRNA		RNeasy Lipid Tissue Mini Kit (QIAGEN cat#74804)			True	2014-12-08	ENCODE				1							ENCFF104UFH, ENCFF126WYO, ENCFF533JRE	4347479388	ENCODE Processing Pipeline	fccbb1ed4c1ae65baa2b1f82fd1539ae		https://www.encodeproject.org/files/ENCFF577EWR/@@download/ENCFF577EWR.bam	mm10			released	low read depth			
ENCFF097WKO	bam	transcriptome alignments	ENCSR164BAZ	RNA-seq	UBERON:0000948	heart	tissue	adult	female	10 week	Mus musculus							polyadenylated mRNA		RNeasy Lipid Tissue Mini Kit (QIAGEN cat#74804)			True	2014-12-08	ENCODE				1							ENCFF104UFH, ENCFF126WYO, ENCFF533JRE	4511618480	ENCODE Processing Pipeline	1cfa521b618febf13fb3188f9e6f527e		https://www.encodeproject.org/files/ENCFF097WKO/@@download/ENCFF097WKO.bam	mm10			released	low read depth			
ENCFF001KHC	bam	alignments	ENCSR000CEJ	ChIP-seq	UBERON:0000948	heart	tissue	adult	male	8 week	Mus musculus					H3K27me3-mouse	ENCAB000ADT	DNA		see document	see document		False	2012-03-28	ENCODE				1							ENCFF001KHK	830355825	Bing Ren, UCSD	cc3ef567974c3a1da2c493088f9f92e9		https://www.encodeproject.org/files/ENCFF001KHC/@@download/ENCFF001KHC.bam	mm9			released	inconsistent platforms, mixed read lengths, mild to moderate bottlenecking, low read length	missing unfiltered alignments	insufficient read depth, control insufficient read depth	
ENCFF001KHE	bam	alignments	ENCSR000CEJ	ChIP-seq	UBERON:0000948	heart	tissue	adult	male	8 week	Mus musculus					H3K27me3-mouse	ENCAB000ADT	DNA		see document	see document		False	2012-03-28	ENCODE				2							ENCFF001KHO	1539408351	Bing Ren, UCSD	8db11fa5189d63cfd0ef2e6f92904647		https://www.encodeproject.org/files/ENCFF001KHE/@@download/ENCFF001KHE.bam	mm9			released	inconsistent platforms, mixed read lengths, mild to moderate bottlenecking, low read length	missing unfiltered alignments	insufficient read depth, control insufficient read depth	
ENCFF534WDI	bam	unfiltered alignments	ENCSR000CEJ	ChIP-seq	UBERON:0000948	heart	tissue	adult	male	8 week	Mus musculus					H3K27me3-mouse	ENCAB000ADT	DNA		see document	see document		False	2012-03-28	ENCODE				1			36				ENCFF001KHK, ENCFF018NEO	911751947	ENCODE Processing Pipeline	07b7e93e3861f6908ab4b53091b40c46		https://www.encodeproject.org/files/ENCFF534WDI/@@download/ENCFF534WDI.bam	mm10			released	inconsistent platforms, mixed read lengths, mild to moderate bottlenecking, low read length	missing unfiltered alignments	insufficient read depth, control insufficient read depth	
ENCFF494EHR	bam	alignments	ENCSR000CEJ	ChIP-seq	UBERON:0000948	heart	tissue	adult	male	8 week	Mus musculus					H3K27me3-mouse	ENCAB000ADT	DNA		see document	see document		False	2012-03-28	ENCODE				1			36				ENCFF001KHK, ENCFF018NEO	550888113	ENCODE Processing Pipeline	02c54441481cbd4ff6d5e2592dc3a9ba		https://www.encodeproject.org/files/ENCFF494EHR/@@download/ENCFF494EHR.bam	mm10			released	inconsistent platforms, mixed read lengths, mild to moderate bottlenecking, low read length	missing unfiltered alignments	insufficient read depth, control insufficient read depth	
ENCFF115OEV	bam	unfiltered alignments	ENCSR000CEJ	ChIP-seq	UBERON:0000948	heart	tissue	adult	male	8 week	Mus musculus					H3K27me3-mouse	ENCAB000ADT	DNA		see document	see document		False	2012-03-28	ENCODE				2			36				ENCFF001KHO, ENCFF018NEO	1351320572	ENCODE Processing Pipeline	0ba58239f98a6cad0fc3ee0db67ba3dd		https://www.encodeproject.org/files/ENCFF115OEV/@@download/ENCFF115OEV.bam	mm10			released	inconsistent platforms, mixed read lengths, mild to moderate bottlenecking, low read length	missing unfiltered alignments	insufficient read depth, control insufficient read depth	
ENCFF044QFP	bam	alignments	ENCSR000CEJ	ChIP-seq	UBERON:0000948	heart	tissue	adult	male	8 week	Mus musculus					H3K27me3-mouse	ENCAB000ADT	DNA		see document	see document		False	2012-03-28	ENCODE				2			36				ENCFF001KHO, ENCFF018NEO	848068980	ENCODE Processing Pipeline	75ae4b86f302f1e470b7d25e2bf45ed1		https://www.encodeproject.org/files/ENCFF044QFP/@@download/ENCFF044QFP.bam	mm10			released	inconsistent platforms, mixed read lengths, mild to moderate bottlenecking, low read length	missing unfiltered alignments	insufficient read depth, control insufficient read depth	
ENCFF001KHF	bam	alignments	ENCSR000CEK	ChIP-seq	UBERON:0000948	heart	tissue	adult	male	8 week	Mus musculus					H3K36me3-mouse	ENCAB000ADV	DNA		see document	see document		False	2012-03-28	ENCODE				2							ENCFF001KHQ	1300003688	Bing Ren, UCSD	6bb345934aa6df25959e247fdd650797		https://www.encodeproject.org/files/ENCFF001KHF/@@download/ENCFF001KHF.bam	mm9			released	inconsistent platforms, low read length	missing unfiltered alignments	insufficient read depth, control insufficient read depth	
ENCFF001KHI	bam	alignments	ENCSR000CEK	ChIP-seq	UBERON:0000948	heart	tissue	adult	male	8 week	Mus musculus					H3K36me3-mouse	ENCAB000ADV	DNA		see document	see document		False	2012-03-28	ENCODE				1							ENCFF001KHY	3227410516	Bing Ren, UCSD	dd4a853efa262fcee6a87b0e0700f75c		https://www.encodeproject.org/files/ENCFF001KHI/@@download/ENCFF001KHI.bam	mm9			released	inconsistent platforms, low read length	missing unfiltered alignments	insufficient read depth, control insufficient read depth	
ENCFF179VUD	bam	unfiltered alignments	ENCSR000CEK	ChIP-seq	UBERON:0000948	heart	tissue	adult	male	8 week	Mus musculus					H3K36me3-mouse	ENCAB000ADV	DNA		see document	see document		False	2012-03-28	ENCODE				2			36				ENCFF001KHQ, ENCFF018NEO	1358660547	ENCODE Processing Pipeline	ac1de3c5c0a38d0f122a8a6abebcba9a		https://www.encodeproject.org/files/ENCFF179VUD/@@download/ENCFF179VUD.bam	mm10			released	inconsistent platforms, low read length	missing unfiltered alignments	insufficient read depth, control insufficient read depth	
ENCFF728RIQ	bam	alignments	ENCSR000CEK	ChIP-seq	UBERON:0000948	heart	tissue	adult	male	8 week	Mus musculus					H3K36me3-mouse	ENCAB000ADV	DNA		see document	see document		False	2012-03-28	ENCODE				2			36				ENCFF001KHQ, ENCFF018NEO	750539285	ENCODE Processing Pipeline	d2f361aa8b6e81d42352530a1d713107		https://www.encodeproject.org/files/ENCFF728RIQ/@@download/ENCFF728RIQ.bam	mm10			released	inconsistent platforms, low read length	missing unfiltered alignments	insufficient read depth, control insufficient read depth	
ENCFF451XOD	bam	unfiltered alignments	ENCSR000CEK	ChIP-seq	UBERON:0000948	heart	tissue	adult	male	8 week	Mus musculus					H3K36me3-mouse	ENCAB000ADV	DNA		see document	see document		False	2012-03-28	ENCODE				1			36				ENCFF001KHY, ENCFF018NEO	3424365939	ENCODE Processing Pipeline	27e1a3b108ee95f8064976b139bcaa5f		https://www.encodeproject.org/files/ENCFF451XOD/@@download/ENCFF451XOD.bam	mm10			released	inconsistent platforms, low read length	missing unfiltered alignments	insufficient read depth, control insufficient read depth	
ENCFF349DCQ	bam	alignments	ENCSR000CEK	ChIP-seq	UBERON:0000948	heart	tissue	adult	male	8 week	Mus musculus					H3K36me3-mouse	ENCAB000ADV	DNA		see document	see document		False	2012-03-28	ENCODE				1			36				ENCFF001KHY, ENCFF018NEO	2323483595	ENCODE Processing Pipeline	137e6f292a1a406953a1e3198e9a0489		https://www.encodeproject.org/files/ENCFF349DCQ/@@download/ENCFF349DCQ.bam	mm10			released	inconsistent platforms, low read length	missing unfiltered alignments	insufficient read depth, control insufficient read depth	
ENCFF001KHL	bam	alignments	ENCSR000CAE	ChIP-seq	UBERON:0000948	heart	tissue	adult	male	8 week	Mus musculus					H3K4me1-mouse	ENCAB000ADX	DNA		see document	see document		False	2011-06-24	ENCODE				1							ENCFF001KHU	712573686	Bing Ren, UCSD	24030792213fe1acbc70afc5bc797d1e		https://www.encodeproject.org/files/ENCFF001KHL/@@download/ENCFF001KHL.bam	mm9			released	low read length	missing unfiltered alignments	insufficient read depth, control insufficient read depth	
ENCFF001KHN	bam	alignments	ENCSR000CAE	ChIP-seq	UBERON:0000948	heart	tissue	adult	male	8 week	Mus musculus					H3K4me1-mouse	ENCAB000ADX	DNA		see document	see document		False	2011-06-24	ENCODE				2							ENCFF001KHX	843075404	Bing Ren, UCSD	33dedb1222a13d9c0971fa3596f036d4		https://www.encodeproject.org/files/ENCFF001KHN/@@download/ENCFF001KHN.bam	mm9			released	low read length	missing unfiltered alignments	insufficient read depth, control insufficient read depth	
ENCFF745GWP	bam	unfiltered alignments	ENCSR000CAE	ChIP-seq	UBERON:0000948	heart	tissue	adult	male	8 week	Mus musculus					H3K4me1-mouse	ENCAB000ADX	DNA		see document	see document		False	2011-06-24	ENCODE				2			36				ENCFF001KHX, ENCFF018NEO	1069058761	ENCODE Processing Pipeline	efcc8fc7d7e209cdb1361b6661c2df15		https://www.encodeproject.org/files/ENCFF745GWP/@@download/ENCFF745GWP.bam	mm10			released	low read length	missing unfiltered alignments	insufficient read depth, control insufficient read depth	
ENCFF781QYH	bam	unfiltered alignments	ENCSR000CAE	ChIP-seq	UBERON:0000948	heart	tissue	adult	male	8 week	Mus musculus					H3K4me1-mouse	ENCAB000ADX	DNA		see document	see document		False	2011-06-24	ENCODE				1			36				ENCFF001KHU, ENCFF018NEO	1041631092	ENCODE Processing Pipeline	fb18482e9d7a797c1455f2498f2b55f4		https://www.encodeproject.org/files/ENCFF781QYH/@@download/ENCFF781QYH.bam	mm10			released	low read length	missing unfiltered alignments	insufficient read depth, control insufficient read depth	
ENCFF652LCP	bam	alignments	ENCSR000CAE	ChIP-seq	UBERON:0000948	heart	tissue	adult	male	8 week	Mus musculus					H3K4me1-mouse	ENCAB000ADX	DNA		see document	see document		False	2011-06-24	ENCODE				2			36				ENCFF001KHX, ENCFF018NEO	804354208	ENCODE Processing Pipeline	740ae682a96b6929a1c4534b8c11434a		https://www.encodeproject.org/files/ENCFF652LCP/@@download/ENCFF652LCP.bam	mm10			released	low read length	missing unfiltered alignments	insufficient read depth, control insufficient read depth	
ENCFF897EBQ	bam	alignments	ENCSR000CAE	ChIP-seq	UBERON:0000948	heart	tissue	adult	male	8 week	Mus musculus					H3K4me1-mouse	ENCAB000ADX	DNA		see document	see document		False	2011-06-24	ENCODE				1			36				ENCFF001KHU, ENCFF018NEO	680633129	ENCODE Processing Pipeline	affe1649088b403cbc78e607e6b04522		https://www.encodeproject.org/files/ENCFF897EBQ/@@download/ENCFF897EBQ.bam	mm10			released	low read length	missing unfiltered alignments	insufficient read depth, control insufficient read depth	
ENCFF001LKI	bam	alignments	ENCSR000CBS	ChIP-seq	UBERON:0000948	heart	tissue	adult	male	8 week	Mus musculus					POLR2A-mouse	ENCAB281FBQ	DNA		see document	see document		False	2011-07-22	ENCODE				1							ENCFF001LKT	374314699	Bing Ren, UCSD	fcea5d8d140f7a40e4adc817fc61ef63		https://www.encodeproject.org/files/ENCFF001LKI/@@download/ENCFF001LKI.bam	mm9			released	mild to moderate bottlenecking, low read length, control low read depth	missing unfiltered alignments	insufficient read depth, control low read depth	
ENCFF001LKK	bam	alignments	ENCSR000CBS	ChIP-seq	UBERON:0000948	heart	tissue	adult	male	8 week	Mus musculus					POLR2A-mouse	ENCAB281FBQ	DNA		see document	see document		False	2011-07-22	ENCODE				2							ENCFF001LKS	633749326	Bing Ren, UCSD	ca87b1fe60f74c60b7a85c859953ad4c		https://www.encodeproject.org/files/ENCFF001LKK/@@download/ENCFF001LKK.bam	mm9			released	mild to moderate bottlenecking, low read length, control low read depth	missing unfiltered alignments	insufficient read depth, control low read depth	
ENCFF553TDF	bam	unfiltered alignments	ENCSR000CBS	ChIP-seq	UBERON:0000948	heart	tissue	adult	male	8 week	Mus musculus					POLR2A-mouse	ENCAB281FBQ	DNA		see document	see document		False	2011-07-22	ENCODE				2			36				ENCFF001LKS, ENCFF018NEO	910646985	ENCODE Processing Pipeline	bc71351e4c0ccc2aa3327fd75bfe3607		https://www.encodeproject.org/files/ENCFF553TDF/@@download/ENCFF553TDF.bam	mm10			released	mild to moderate bottlenecking, low read length, control low read depth	missing unfiltered alignments	insufficient read depth, control low read depth	
ENCFF604NSV	bam	alignments	ENCSR000CBS	ChIP-seq	UBERON:0000948	heart	tissue	adult	male	8 week	Mus musculus					POLR2A-mouse	ENCAB281FBQ	DNA		see document	see document		False	2011-07-22	ENCODE				1			36				ENCFF001LKT, ENCFF018NEO	362456918	ENCODE Processing Pipeline	63a07c288fcde35a7e370989461aa01d		https://www.encodeproject.org/files/ENCFF604NSV/@@download/ENCFF604NSV.bam	mm10			released	mild to moderate bottlenecking, low read length, control low read depth	missing unfiltered alignments	insufficient read depth, control low read depth	
ENCFF659DWI	bam	unfiltered alignments	ENCSR000CBS	ChIP-seq	UBERON:0000948	heart	tissue	adult	male	8 week	Mus musculus					POLR2A-mouse	ENCAB281FBQ	DNA		see document	see document		False	2011-07-22	ENCODE				1			36				ENCFF001LKT, ENCFF018NEO	774035448	ENCODE Processing Pipeline	1b77e21f452e74c146eabd1f3612ad59		https://www.encodeproject.org/files/ENCFF659DWI/@@download/ENCFF659DWI.bam	mm10			released	mild to moderate bottlenecking, low read length, control low read depth	missing unfiltered alignments	insufficient read depth, control low read depth	
ENCFF042BFD	bam	alignments	ENCSR000CBS	ChIP-seq	UBERON:0000948	heart	tissue	adult	male	8 week	Mus musculus					POLR2A-mouse	ENCAB281FBQ	DNA		see document	see document		False	2011-07-22	ENCODE				2			36				ENCFF001LKS, ENCFF018NEO	477222118	ENCODE Processing Pipeline	b6725f9b1cecba0a259251280378c3d6		https://www.encodeproject.org/files/ENCFF042BFD/@@download/ENCFF042BFD.bam	mm10			released	mild to moderate bottlenecking, low read length, control low read depth	missing unfiltered alignments	insufficient read depth, control low read depth	
ENCFF001LJK	bam	alignments	ENCSR000CBI	ChIP-seq	UBERON:0000948	heart	tissue	adult	male	8 week	Mus musculus					CTCF-mouse	ENCAB210NHK	DNA		see document	see document		False	2011-07-22	ENCODE				1							ENCFF001LJW	375683432	Bing Ren, UCSD	cd36e9deab4f052f4baf3cdf7b04407b		https://www.encodeproject.org/files/ENCFF001LJK/@@download/ENCFF001LJK.bam	mm9			released	mild to moderate bottlenecking, mixed read lengths, low read length, control low read depth	missing unfiltered alignments	insufficient read depth, control low read depth, insufficient read length	
ENCFF001LJM	bam	alignments	ENCSR000CBI	ChIP-seq	UBERON:0000948	heart	tissue	adult	male	8 week	Mus musculus					CTCF-mouse	ENCAB210NHK	DNA		see document	see document		False	2011-07-22	ENCODE				2							ENCFF001LJV	351790353	Bing Ren, UCSD	bdd0dd1305182a922b5e9f9d8997e53d		https://www.encodeproject.org/files/ENCFF001LJM/@@download/ENCFF001LJM.bam	mm9			released	mild to moderate bottlenecking, mixed read lengths, low read length, control low read depth	missing unfiltered alignments	insufficient read depth, control low read depth, insufficient read length	
ENCFF697CPY	bam	unfiltered alignments	ENCSR000CBI	ChIP-seq	UBERON:0000948	heart	tissue	adult	male	8 week	Mus musculus					CTCF-mouse	ENCAB210NHK	DNA		see document	see document		False	2011-07-22	ENCODE				2			36				ENCFF001LJV, ENCFF018NEO	761299643	ENCODE Processing Pipeline	8bd123aef2a81b4a089fc5123a6a4c8a		https://www.encodeproject.org/files/ENCFF697CPY/@@download/ENCFF697CPY.bam	mm10			released	mild to moderate bottlenecking, mixed read lengths, low read length, control low read depth	missing unfiltered alignments	insufficient read depth, control low read depth, insufficient read length	
ENCFF829TDM	bam	unfiltered alignments	ENCSR000CBI	ChIP-seq	UBERON:0000948	heart	tissue	adult	male	8 week	Mus musculus					CTCF-mouse	ENCAB210NHK	DNA		see document	see document		False	2011-07-22	ENCODE				1			33				ENCFF001LJW, ENCFF018NEO	639695117	ENCODE Processing Pipeline	29e837c9b361cfc9a9d83e58881e6f58		https://www.encodeproject.org/files/ENCFF829TDM/@@download/ENCFF829TDM.bam	mm10			released	mild to moderate bottlenecking, mixed read lengths, low read length, control low read depth	missing unfiltered alignments	insufficient read depth, control low read depth, insufficient read length	
ENCFF180YAD	bam	alignments	ENCSR000CBI	ChIP-seq	UBERON:0000948	heart	tissue	adult	male	8 week	Mus musculus					CTCF-mouse	ENCAB210NHK	DNA		see document	see document		False	2011-07-22	ENCODE				2			36				ENCFF001LJV, ENCFF018NEO	327606791	ENCODE Processing Pipeline	47cb3f34235d3ca0c05be0f55f5d386c		https://www.encodeproject.org/files/ENCFF180YAD/@@download/ENCFF180YAD.bam	mm10			released	mild to moderate bottlenecking, mixed read lengths, low read length, control low read depth	missing unfiltered alignments	insufficient read depth, control low read depth, insufficient read length	
ENCFF198ZVJ	bam	alignments	ENCSR000CBI	ChIP-seq	UBERON:0000948	heart	tissue	adult	male	8 week	Mus musculus					CTCF-mouse	ENCAB210NHK	DNA		see document	see document		False	2011-07-22	ENCODE				1			33				ENCFF001LJW, ENCFF018NEO	338293825	ENCODE Processing Pipeline	7f7dfc13b916f2c4da41a2c147a74b9f		https://www.encodeproject.org/files/ENCFF198ZVJ/@@download/ENCFF198ZVJ.bam	mm10			released	mild to moderate bottlenecking, mixed read lengths, low read length, control low read depth	missing unfiltered alignments	insufficient read depth, control low read depth, insufficient read length	
ENCFF001KIC	bam	alignments	ENCSR000CEL	ChIP-seq	UBERON:0000948	heart	tissue	adult	male	8 week	Mus musculus					H3K79me2-mouse	ENCAB000AQP	DNA		see document	see document		False	2012-03-28	ENCODE				1							ENCFF001KIK	1067534385	Bing Ren, UCSD	88bac740627ca35ae76f63b8ecee743f		https://www.encodeproject.org/files/ENCFF001KIC/@@download/ENCFF001KIC.bam	mm9			released	inconsistent platforms, mixed read lengths, mild to moderate bottlenecking, low read length, moderate library complexity	missing unfiltered alignments	insufficient read depth, control insufficient read depth	
ENCFF001KIF	bam	alignments	ENCSR000CEL	ChIP-seq	UBERON:0000948	heart	tissue	adult	male	8 week	Mus musculus					H3K79me2-mouse	ENCAB000AQP	DNA		see document	see document		False	2012-03-28	ENCODE				2							ENCFF001KIR	1749392613	Bing Ren, UCSD	a3814c0023269fc64829e2d0a2790f6b		https://www.encodeproject.org/files/ENCFF001KIF/@@download/ENCFF001KIF.bam	mm9			released	inconsistent platforms, mixed read lengths, mild to moderate bottlenecking, low read length, moderate library complexity	missing unfiltered alignments	insufficient read depth, control insufficient read depth	
ENCFF331ZKX	bam	unfiltered alignments	ENCSR000CEL	ChIP-seq	UBERON:0000948	heart	tissue	adult	male	8 week	Mus musculus					H3K79me2-mouse	ENCAB000AQP	DNA		see document	see document		False	2012-03-28	ENCODE				1			36				ENCFF001KIK, ENCFF018NEO	1155887601	ENCODE Processing Pipeline	11fe53f120f225cc94c5086fce0a56d9		https://www.encodeproject.org/files/ENCFF331ZKX/@@download/ENCFF331ZKX.bam	mm10			released	inconsistent platforms, mixed read lengths, mild to moderate bottlenecking, low read length, moderate library complexity	missing unfiltered alignments	insufficient read depth, control insufficient read depth	
ENCFF446JLJ	bam	alignments	ENCSR000CEL	ChIP-seq	UBERON:0000948	heart	tissue	adult	male	8 week	Mus musculus					H3K79me2-mouse	ENCAB000AQP	DNA		see document	see document		False	2012-03-28	ENCODE				1			36				ENCFF001KIK, ENCFF018NEO	671611195	ENCODE Processing Pipeline	1ccf4f772d8ef3b47c6744f436508704		https://www.encodeproject.org/files/ENCFF446JLJ/@@download/ENCFF446JLJ.bam	mm10			released	inconsistent platforms, mixed read lengths, mild to moderate bottlenecking, low read length, moderate library complexity	missing unfiltered alignments	insufficient read depth, control insufficient read depth	
ENCFF003TVE	bam	unfiltered alignments	ENCSR000CEL	ChIP-seq	UBERON:0000948	heart	tissue	adult	male	8 week	Mus musculus					H3K79me2-mouse	ENCAB000AQP	DNA		see document	see document		False	2012-03-28	ENCODE				2			36				ENCFF001KIR, ENCFF018NEO	1526523458	ENCODE Processing Pipeline	c2f2acae12174b395e05334524cdf41e		https://www.encodeproject.org/files/ENCFF003TVE/@@download/ENCFF003TVE.bam	mm10			released	inconsistent platforms, mixed read lengths, mild to moderate bottlenecking, low read length, moderate library complexity	missing unfiltered alignments	insufficient read depth, control insufficient read depth	
ENCFF406QUP	bam	alignments	ENCSR000CEL	ChIP-seq	UBERON:0000948	heart	tissue	adult	male	8 week	Mus musculus					H3K79me2-mouse	ENCAB000AQP	DNA		see document	see document		False	2012-03-28	ENCODE				2			36				ENCFF001KIR, ENCFF018NEO	1004064996	ENCODE Processing Pipeline	6679af51a1e1ec0a24b452f71579f98f		https://www.encodeproject.org/files/ENCFF406QUP/@@download/ENCFF406QUP.bam	mm10			released	inconsistent platforms, mixed read lengths, mild to moderate bottlenecking, low read length, moderate library complexity	missing unfiltered alignments	insufficient read depth, control insufficient read depth	
ENCFF001KGH	bam	alignments	ENCSR000CEM	ChIP-seq	UBERON:0000948	heart	tissue	adult	male	8 week	Mus musculus					H3K9ac-mouse	ENCAB000ANM	DNA		see document	see document		False	2012-03-28	ENCODE				1							ENCFF001KGW	759261270	Bing Ren, UCSD	edeb00518a8d37d45cba067eed33d659		https://www.encodeproject.org/files/ENCFF001KGH/@@download/ENCFF001KGH.bam	mm9			released	mixed read lengths, low read depth, control low read depth, inconsistent platforms, mild to moderate bottlenecking, low read length	missing unfiltered alignments	control low read depth	
ENCFF001KGN	bam	alignments	ENCSR000CEM	ChIP-seq	UBERON:0000948	heart	tissue	adult	male	8 week	Mus musculus					H3K9ac-mouse	ENCAB000ANM	DNA		see document	see document		False	2012-03-28	ENCODE				2							ENCFF001KGZ	1336897105	Bing Ren, UCSD	f20fd9e1503998c33e747064b822072c		https://www.encodeproject.org/files/ENCFF001KGN/@@download/ENCFF001KGN.bam	mm9			released	mixed read lengths, low read depth, control low read depth, inconsistent platforms, mild to moderate bottlenecking, low read length	missing unfiltered alignments	control low read depth	
ENCFF077OUU	bam	unfiltered alignments	ENCSR000CEM	ChIP-seq	UBERON:0000948	heart	tissue	adult	male	8 week	Mus musculus					H3K9ac-mouse	ENCAB000ANM	DNA		see document	see document		False	2012-03-28	ENCODE				1			36				ENCFF001KGW, ENCFF018NEO	814957105	ENCODE Processing Pipeline	47f4b38366b61ad2870aec95f1e06b6c		https://www.encodeproject.org/files/ENCFF077OUU/@@download/ENCFF077OUU.bam	mm10			released	mixed read lengths, low read depth, control low read depth, inconsistent platforms, mild to moderate bottlenecking, low read length	missing unfiltered alignments	control low read depth	
ENCFF805OAP	bam	alignments	ENCSR000CEM	ChIP-seq	UBERON:0000948	heart	tissue	adult	male	8 week	Mus musculus					H3K9ac-mouse	ENCAB000ANM	DNA		see document	see document		False	2012-03-28	ENCODE				1			36				ENCFF001KGW, ENCFF018NEO	575992194	ENCODE Processing Pipeline	72fa93e9dad59aecef4d33f3f18db14b		https://www.encodeproject.org/files/ENCFF805OAP/@@download/ENCFF805OAP.bam	mm10			released	mixed read lengths, low read depth, control low read depth, inconsistent platforms, mild to moderate bottlenecking, low read length	missing unfiltered alignments	control low read depth	
ENCFF114SJF	bam	unfiltered alignments	ENCSR000CEM	ChIP-seq	UBERON:0000948	heart	tissue	adult	male	8 week	Mus musculus					H3K9ac-mouse	ENCAB000ANM	DNA		see document	see document		False	2012-03-28	ENCODE				2			36				ENCFF001KGZ, ENCFF018NEO	1149878160	ENCODE Processing Pipeline	5d946e8dee52d92c37dd3ed9e07a0972		https://www.encodeproject.org/files/ENCFF114SJF/@@download/ENCFF114SJF.bam	mm10			released	mixed read lengths, low read depth, control low read depth, inconsistent platforms, mild to moderate bottlenecking, low read length	missing unfiltered alignments	control low read depth	
ENCFF025LWX	bam	alignments	ENCSR000CEM	ChIP-seq	UBERON:0000948	heart	tissue	adult	male	8 week	Mus musculus					H3K9ac-mouse	ENCAB000ANM	DNA		see document	see document		False	2012-03-28	ENCODE				2			36				ENCFF001KGZ, ENCFF018NEO	827375705	ENCODE Processing Pipeline	34b6356b00e527153bb2dbf06bd8e0f1		https://www.encodeproject.org/files/ENCFF025LWX/@@download/ENCFF025LWX.bam	mm10			released	mixed read lengths, low read depth, control low read depth, inconsistent platforms, mild to moderate bottlenecking, low read length	missing unfiltered alignments	control low read depth	
ENCFF001KGO	bam	alignments	ENCSR000CDF	ChIP-seq	UBERON:0000948	heart	tissue	adult	male	8 week	Mus musculus					H3K27ac-mouse	ENCAB000ADS	DNA		see document	see document		False	2012-03-28	ENCODE				1							ENCFF001KGV	510688705	Bing Ren, UCSD	ad8177bf7b7f38528700af5a33f0a00e		https://www.encodeproject.org/files/ENCFF001KGO/@@download/ENCFF001KGO.bam	mm9			released	inconsistent platforms, low read depth, low read length, control low read depth	missing unfiltered alignments	control low read depth	
ENCFF001KGQ	bam	alignments	ENCSR000CDF	ChIP-seq	UBERON:0000948	heart	tissue	adult	male	8 week	Mus musculus					H3K27ac-mouse	ENCAB000ADS	DNA		see document	see document		False	2012-03-28	ENCODE				2							ENCFF001KGX	526128828	Bing Ren, UCSD	cd04724b536945966d87317151cdabd5		https://www.encodeproject.org/files/ENCFF001KGQ/@@download/ENCFF001KGQ.bam	mm9			released	inconsistent platforms, low read depth, low read length, control low read depth	missing unfiltered alignments	control low read depth	
ENCFF442VUL	bam	alignments	ENCSR000CDF	ChIP-seq	UBERON:0000948	heart	tissue	adult	male	8 week	Mus musculus					H3K27ac-mouse	ENCAB000ADS	DNA		see document	see document		False	2012-03-28	ENCODE				2			36				ENCFF001KGX, ENCFF018NEO	425069374	ENCODE Processing Pipeline	82b69b0d27b0dc1851badc16926bc17b		https://www.encodeproject.org/files/ENCFF442VUL/@@download/ENCFF442VUL.bam	mm10			released	inconsistent platforms, low read depth, low read length, control low read depth	missing unfiltered alignments	control low read depth	
ENCFF443VMQ	bam	alignments	ENCSR000CDF	ChIP-seq	UBERON:0000948	heart	tissue	adult	male	8 week	Mus musculus					H3K27ac-mouse	ENCAB000ADS	DNA		see document	see document		False	2012-03-28	ENCODE				1			36				ENCFF001KGV, ENCFF018NEO	402512773	ENCODE Processing Pipeline	752f2c11bdb681e346b779db25ca764f		https://www.encodeproject.org/files/ENCFF443VMQ/@@download/ENCFF443VMQ.bam	mm10			released	inconsistent platforms, low read depth, low read length, control low read depth	missing unfiltered alignments	control low read depth	
ENCFF001KHR	bam	alignments	ENCSR000CAM	ChIP-seq	UBERON:0000948	heart	tissue	adult	male	8 week	Mus musculus					H3K4me3-mouse	ENCAB000ANL	DNA		see document	see document		False	2011-06-24	ENCODE				1							ENCFF001KIA	349354401	Bing Ren, UCSD	eba5970ebabbfe2c422874b8b64d3f71		https://www.encodeproject.org/files/ENCFF001KHR/@@download/ENCFF001KHR.bam	mm9			released	low read length, control low read depth	missing unfiltered alignments	insufficient read depth, control low read depth	
ENCFF001KHS	bam	alignments	ENCSR000CAM	ChIP-seq	UBERON:0000948	heart	tissue	adult	male	8 week	Mus musculus					H3K4me3-mouse	ENCAB000ANL	DNA		see document	see document		False	2011-06-24	ENCODE				2							ENCFF001KHW	366290973	Bing Ren, UCSD	dbc1b4833a8683d596c3db4a4cba0be0		https://www.encodeproject.org/files/ENCFF001KHS/@@download/ENCFF001KHS.bam	mm9			released	low read length, control low read depth	missing unfiltered alignments	insufficient read depth, control low read depth	
ENCFF253ODV	bam	alignments	ENCSR000CAM	ChIP-seq	UBERON:0000948	heart	tissue	adult	male	8 week	Mus musculus					H3K4me3-mouse	ENCAB000ANL	DNA		see document	see document		False	2011-06-24	ENCODE				2			36				ENCFF001KHW, ENCFF018NEO	369385050	ENCODE Processing Pipeline	758a5e99a3c40b9352993d24133d31b1		https://www.encodeproject.org/files/ENCFF253ODV/@@download/ENCFF253ODV.bam	mm10			released	low read length, control low read depth	missing unfiltered alignments	insufficient read depth, control low read depth	
ENCFF673WDW	bam	alignments	ENCSR000CAM	ChIP-seq	UBERON:0000948	heart	tissue	adult	male	8 week	Mus musculus					H3K4me3-mouse	ENCAB000ANL	DNA		see document	see document		False	2011-06-24	ENCODE				1			36				ENCFF001KIA, ENCFF018NEO	251829440	ENCODE Processing Pipeline	02b8c7d7cf62f5238b5166895988abe3		https://www.encodeproject.org/files/ENCFF673WDW/@@download/ENCFF673WDW.bam	mm10			released	low read length, control low read depth	missing unfiltered alignments	insufficient read depth, control low read depth	
ENCFF001LKA	bam	alignments	ENCSR000CCA	ChIP-seq	UBERON:0000948	heart	tissue	adult	male	8 week	Mus musculus					EP300-mouse	ENCAB839EOA	DNA		see document	see document		False	2011-07-22	ENCODE				1							ENCFF001LKP	523028282	Bing Ren, UCSD	28c48a669c377a2ed1e47bea1c4c769f		https://www.encodeproject.org/files/ENCFF001LKA/@@download/ENCFF001LKA.bam	mm9			released	low read length, control low read depth	missing unfiltered alignments	insufficient read depth, control low read depth	
ENCFF001LKB	bam	alignments	ENCSR000CCA	ChIP-seq	UBERON:0000948	heart	tissue	adult	male	8 week	Mus musculus					EP300-mouse	ENCAB839EOA	DNA		see document	see document		False	2011-07-22	ENCODE				2							ENCFF001LKQ	669812607	Bing Ren, UCSD	b56b707888aad50137b5f458d8e59506		https://www.encodeproject.org/files/ENCFF001LKB/@@download/ENCFF001LKB.bam	mm9			released	low read length, control low read depth	missing unfiltered alignments	insufficient read depth, control low read depth	
ENCFF270BOY	bam	unfiltered alignments	ENCSR000CCA	ChIP-seq	UBERON:0000948	heart	tissue	adult	male	8 week	Mus musculus					EP300-mouse	ENCAB839EOA	DNA		see document	see document		False	2011-07-22	ENCODE				1			36				ENCFF001LKP, ENCFF018NEO	845018827	ENCODE Processing Pipeline	49befcf6845db99e758082992c70ac6e		https://www.encodeproject.org/files/ENCFF270BOY/@@download/ENCFF270BOY.bam	mm10			released	low read length, control low read depth	missing unfiltered alignments	insufficient read depth, control low read depth	
ENCFF124FHK	bam	unfiltered alignments	ENCSR000CCA	ChIP-seq	UBERON:0000948	heart	tissue	adult	male	8 week	Mus musculus					EP300-mouse	ENCAB839EOA	DNA		see document	see document		False	2011-07-22	ENCODE				2			36				ENCFF001LKQ, ENCFF018NEO	839540701	ENCODE Processing Pipeline	ea188f8516b50a7eb0c0b0adea2bc723		https://www.encodeproject.org/files/ENCFF124FHK/@@download/ENCFF124FHK.bam	mm10			released	low read length, control low read depth	missing unfiltered alignments	insufficient read depth, control low read depth	
ENCFF333YHD	bam	alignments	ENCSR000CCA	ChIP-seq	UBERON:0000948	heart	tissue	adult	male	8 week	Mus musculus					EP300-mouse	ENCAB839EOA	DNA		see document	see document		False	2011-07-22	ENCODE				1			36				ENCFF001LKP, ENCFF018NEO	451660793	ENCODE Processing Pipeline	46ebd0c9194175f50b671618fbe62bce		https://www.encodeproject.org/files/ENCFF333YHD/@@download/ENCFF333YHD.bam	mm10			released	low read length, control low read depth	missing unfiltered alignments	insufficient read depth, control low read depth	
ENCFF059ZFK	bam	alignments	ENCSR000CCA	ChIP-seq	UBERON:0000948	heart	tissue	adult	male	8 week	Mus musculus					EP300-mouse	ENCAB839EOA	DNA		see document	see document		False	2011-07-22	ENCODE				2			36				ENCFF001LKQ, ENCFF018NEO	370145426	ENCODE Processing Pipeline	17653b7ab6ec7f44dce53339652d0a73		https://www.encodeproject.org/files/ENCFF059ZFK/@@download/ENCFF059ZFK.bam	mm10			released	low read length, control low read depth	missing unfiltered alignments	insufficient read depth, control low read depth	
ENCFF001PMJ	bam	alignments	ENCSR000CNE	DNase-seq	UBERON:0000948	heart	tissue	adult	male	8 week	Mus musculus							DNA		see document	see document		False	2012-09-07	ENCODE				1							ENCFF001PMV	2653242712	John Stamatoyannopoulos, UW	49e58bc8fcae11638f8f98860e9cc4af		https://www.encodeproject.org/files/ENCFF001PMJ/@@download/ENCFF001PMJ.bam	mm9			archived				
ENCFF001OMR	bam	alignments	ENCSR000CNE	DNase-seq	UBERON:0000948	heart	tissue	adult	male	8 week	Mus musculus							DNA		see document	see document		False	2012-09-07	ENCODE				1							ENCFF001OIP, ENCFF001OIQ, ENCFF001OIR, ENCFF001OIS, ENCFF001OIT, ENCFF001OIU, ENCFF001OIV, ENCFF001OIW, ENCFF001OIX, ENCFF001OIY, ENCFF001OIZ, ENCFF001OJA, ENCFF001OJB, ENCFF001OJC, ENCFF001OJD, ENCFF001OJE, ENCFF001OJF, ENCFF001OJG, ENCFF001OJH, ENCFF001OJI, ENCFF001OJJ, ENCFF001OJK, ENCFF001OJL, ENCFF001OJM, ENCFF001OJN, ENCFF001OJO, ENCFF001OJP, ENCFF001OJQ, ENCFF001OJR, ENCFF001OJS, ENCFF001OJT, ENCFF001OJU, ENCFF001OJV, ENCFF001OJW	15402333542	John Stamatoyannopoulos, UW	e3f5fc024d6d76dc6a808bff0e51eb67		https://www.encodeproject.org/files/ENCFF001OMR/@@download/ENCFF001OMR.bam	mm9			archived				
ENCFF001PMB	bam	alignments	ENCSR000CNE	DNase-seq	UBERON:0000948	heart	tissue	adult	male	8 week	Mus musculus							DNA		see document	see document		False	2012-09-07	ENCODE				1							ENCFF001PMV	1248813352	John Stamatoyannopoulos, UW	5c56c9d9d463b763be7f8fd780c505ed		https://www.encodeproject.org/files/ENCFF001PMB/@@download/ENCFF001PMB.bam	mm9			archived				
ENCFF001KIE	bam	alignments	ENCSR000CAV	ChIP-seq	UBERON:0000948	heart	tissue	adult	male	8 week	Mus musculus					Control-mouse		DNA		see document	see document		False	2011-06-24	ENCODE				1							ENCFF001KIM	348908056	Bing Ren, UCSD	feb02168f8c85b2e60ad19543ba83878		https://www.encodeproject.org/files/ENCFF001KIE/@@download/ENCFF001KIE.bam	mm9			released	low read depth, low read length	missing unfiltered alignments	insufficient read depth	
ENCFF001KIG	bam	alignments	ENCSR000CAV	ChIP-seq	UBERON:0000948	heart	tissue	adult	male	8 week	Mus musculus					Control-mouse		DNA		see document	see document		False	2011-06-24	ENCODE				2							ENCFF001KIL	640917556	Bing Ren, UCSD	be4c2edd96dd39e292050f2798c2bb16		https://www.encodeproject.org/files/ENCFF001KIG/@@download/ENCFF001KIG.bam	mm9			released	low read depth, low read length	missing unfiltered alignments	insufficient read depth	
ENCFF628EZY	bam	unfiltered alignments	ENCSR000CAV	ChIP-seq	UBERON:0000948	heart	tissue	adult	male	8 week	Mus musculus					Control-mouse		DNA		see document	see document		False	2011-06-24	ENCODE				2							ENCFF001KIL, ENCFF806TVZ	770572990	J. Michael Cherry, Stanford	025ba9253956edca3b8ae635681d5b5b		https://www.encodeproject.org/files/ENCFF628EZY/@@download/ENCFF628EZY.bam	mm10-minimal			archived	low read depth, low read length	missing unfiltered alignments	insufficient read depth	
ENCFF507VIZ	bam	unfiltered alignments	ENCSR000CAV	ChIP-seq	UBERON:0000948	heart	tissue	adult	male	8 week	Mus musculus					Control-mouse		DNA		see document	see document		False	2011-06-24	ENCODE				1							ENCFF001KIM, ENCFF806TVZ	963610376	J. Michael Cherry, Stanford	aa12ddcea02a642296fe6ec3f4ed5f5a		https://www.encodeproject.org/files/ENCFF507VIZ/@@download/ENCFF507VIZ.bam	mm10-minimal			archived	low read depth, low read length	missing unfiltered alignments	insufficient read depth	
ENCFF262EEH	bam	alignments	ENCSR000CAV	ChIP-seq	UBERON:0000948	heart	tissue	adult	male	8 week	Mus musculus					Control-mouse		DNA		see document	see document		False	2011-06-24	ENCODE				2			36				ENCFF001KIL, ENCFF018NEO	511138101	ENCODE Processing Pipeline	a3c9a7e0cfbc376d49fd4e8c6ad69f08		https://www.encodeproject.org/files/ENCFF262EEH/@@download/ENCFF262EEH.bam	mm10			released	low read depth, low read length	missing unfiltered alignments	insufficient read depth	
ENCFF465PJQ	bam	alignments	ENCSR000CAV	ChIP-seq	UBERON:0000948	heart	tissue	adult	male	8 week	Mus musculus					Control-mouse		DNA		see document	see document		False	2011-06-24	ENCODE				1			36				ENCFF001KIM, ENCFF018NEO	354135641	ENCODE Processing Pipeline	b48764707ef9358ea9da15777877ab9a		https://www.encodeproject.org/files/ENCFF465PJQ/@@download/ENCFF465PJQ.bam	mm10			released	low read depth, low read length	missing unfiltered alignments	insufficient read depth	
ENCFF922MIC	bam	unfiltered alignments	ENCSR000CAV	ChIP-seq	UBERON:0000948	heart	tissue	adult	male	8 week	Mus musculus					Control-mouse		DNA		see document	see document		False	2011-06-24	ENCODE				1			36				ENCFF001KIM, ENCFF018NEO	964916394	ENCODE Processing Pipeline	8b7452fe55fd91b335f7f697c381e863		https://www.encodeproject.org/files/ENCFF922MIC/@@download/ENCFF922MIC.bam	mm10			released	low read depth, low read length	missing unfiltered alignments	insufficient read depth	
ENCFF733SOM	bam	unfiltered alignments	ENCSR000CAV	ChIP-seq	UBERON:0000948	heart	tissue	adult	male	8 week	Mus musculus					Control-mouse		DNA		see document	see document		False	2011-06-24	ENCODE				2			36				ENCFF001KIL, ENCFF018NEO	771188218	ENCODE Processing Pipeline	9e0f4384c42bc47153f0647af528962e		https://www.encodeproject.org/files/ENCFF733SOM/@@download/ENCFF733SOM.bam	mm10			released	low read depth, low read length	missing unfiltered alignments	insufficient read depth	
ENCFF001LBV	bam	alignments	ENCSR000CGZ	RNA-seq	UBERON:0000948	heart	tissue	adult	male	8 week	Mus musculus							polyadenylated mRNA		see document	see document		False	2011-08-04	ENCODE				1							ENCFF001LCD	478390880	Bing Ren, UCSD	f1ed78a6f5a5ad6653978b552d8fce89		https://www.encodeproject.org/files/ENCFF001LBV/@@download/ENCFF001LBV.bam	mm9			archived	low read depth, missing spikeins		insufficient read length	
ENCFF001LBW	bam	alignments	ENCSR000CGZ	RNA-seq	UBERON:0000948	heart	tissue	adult	male	8 week	Mus musculus							polyadenylated mRNA		see document	see document		False	2011-08-04	ENCODE				2							ENCFF001LCE	526666315	Bing Ren, UCSD	14b61a5ef161c7db658efabd7ef0da38		https://www.encodeproject.org/files/ENCFF001LBW/@@download/ENCFF001LBW.bam	mm9			archived	low read depth, missing spikeins		insufficient read length	
ENCFF822VHG	bam	alignments	ENCSR000CGZ	RNA-seq	UBERON:0000948	heart	tissue	adult	male	8 week	Mus musculus							polyadenylated mRNA		see document	see document		False	2011-08-04	ENCODE				1							ENCFF001LCD, ENCFF533JRE	1035174313	ENCODE Processing Pipeline	d45882d099fecc2e2dc202a97c4525f8		https://www.encodeproject.org/files/ENCFF822VHG/@@download/ENCFF822VHG.bam	mm10			released	low read depth, missing spikeins		insufficient read length	
ENCFF696YFQ	bam	transcriptome alignments	ENCSR000CGZ	RNA-seq	UBERON:0000948	heart	tissue	adult	male	8 week	Mus musculus							polyadenylated mRNA		see document	see document		False	2011-08-04	ENCODE				1							ENCFF001LCD, ENCFF533JRE	670747871	ENCODE Processing Pipeline	bd37bbda58fae1c1ed78bf98082a7c46		https://www.encodeproject.org/files/ENCFF696YFQ/@@download/ENCFF696YFQ.bam	mm10			released	low read depth, missing spikeins		insufficient read length	
ENCFF634WIZ	bam	alignments	ENCSR000CGZ	RNA-seq	UBERON:0000948	heart	tissue	adult	male	8 week	Mus musculus							polyadenylated mRNA		see document	see document		False	2011-08-04	ENCODE				2							ENCFF001LCE, ENCFF533JRE	951196043	ENCODE Processing Pipeline	ea108434c573917428d084467aea5c07		https://www.encodeproject.org/files/ENCFF634WIZ/@@download/ENCFF634WIZ.bam	mm10			released	low read depth, missing spikeins		insufficient read length	
ENCFF145QUV	bam	transcriptome alignments	ENCSR000CGZ	RNA-seq	UBERON:0000948	heart	tissue	adult	male	8 week	Mus musculus							polyadenylated mRNA		see document	see document		False	2011-08-04	ENCODE				2							ENCFF001LCE, ENCFF533JRE	646202647	ENCODE Processing Pipeline	46b5cda738515849620acacc986b3020		https://www.encodeproject.org/files/ENCFF145QUV/@@download/ENCFF145QUV.bam	mm10			released	low read depth, missing spikeins		insufficient read length	
ENCFF001IWQ	bam	alignments	ENCSR000BYQ	RNA-seq	UBERON:0000948	heart	tissue	adult	mixed	8 week	Mus musculus							polyadenylated mRNA	rRNA	see document	see document		True	2012-02-29	ENCODE				1							ENCFF001IVS, ENCFF001IVT, ENCFF001IVW, ENCFF001IVX	9417284246	Thomas Gingeras, CSHL	fbf73a02c04e8945e6e5e2a157347e2f		https://www.encodeproject.org/files/ENCFF001IWQ/@@download/ENCFF001IWQ.bam	mm9			archived				
ENCFF001IWR	bam	alignments	ENCSR000BYQ	RNA-seq	UBERON:0000948	heart	tissue	adult	mixed	8 week	Mus musculus							polyadenylated mRNA	rRNA	see document	see document		True	2012-02-29	ENCODE				2							ENCFF001IVU, ENCFF001IVV, ENCFF001IVY, ENCFF001IVZ	9513600517	Thomas Gingeras, CSHL	676e205dcd796f0dd719934c3505b114		https://www.encodeproject.org/files/ENCFF001IWR/@@download/ENCFF001IWR.bam	mm9			archived				
ENCFF987EJA	bam	alignments	ENCSR000BYQ	RNA-seq	UBERON:0000948	heart	tissue	adult	mixed	8 week	Mus musculus							polyadenylated mRNA	rRNA	see document	see document		True	2012-02-29	ENCODE				2							ENCFF001IVU, ENCFF001IVV, ENCFF001IVY, ENCFF001IVZ, ENCFF268IGM	10619129334	ENCODE Processing Pipeline	2489a267bfa94d5ac648cd922887243d		https://www.encodeproject.org/files/ENCFF987EJA/@@download/ENCFF987EJA.bam	mm10-minimal			archived				
ENCFF950FZD	bam	alignments	ENCSR000BYQ	RNA-seq	UBERON:0000948	heart	tissue	adult	mixed	8 week	Mus musculus							polyadenylated mRNA	rRNA	see document	see document		True	2012-02-29	ENCODE				1							ENCFF001IVS, ENCFF001IVT, ENCFF001IVW, ENCFF001IVX, ENCFF268IGM	10343320408	ENCODE Processing Pipeline	3b22566fbcc6f49d9584c204fac85498		https://www.encodeproject.org/files/ENCFF950FZD/@@download/ENCFF950FZD.bam	mm10-minimal			archived				
ENCFF552TWN	bam	alignments	ENCSR000BYQ	RNA-seq	UBERON:0000948	heart	tissue	adult	mixed	8 week	Mus musculus							polyadenylated mRNA	rRNA	see document	see document		True	2012-02-29	ENCODE				1							ENCFF001IVS, ENCFF001IVT, ENCFF001IVW, ENCFF001IVX, ENCFF483PAE	12507274313	ENCODE Processing Pipeline	ad699bbe60e9890f407129e9aff148a8		https://www.encodeproject.org/files/ENCFF552TWN/@@download/ENCFF552TWN.bam	mm10-minimal			archived				
ENCFF059MOW	bam	transcriptome alignments	ENCSR000BYQ	RNA-seq	UBERON:0000948	heart	tissue	adult	mixed	8 week	Mus musculus							polyadenylated mRNA	rRNA	see document	see document		True	2012-02-29	ENCODE				1							ENCFF001IVS, ENCFF001IVT, ENCFF001IVW, ENCFF001IVX, ENCFF483PAE	11967527855	ENCODE Processing Pipeline	b7de15da4e374c2725261a3d1baed1ea		https://www.encodeproject.org/files/ENCFF059MOW/@@download/ENCFF059MOW.bam	mm10-minimal			archived				
ENCFF854FPY	bam	alignments	ENCSR000BYQ	RNA-seq	UBERON:0000948	heart	tissue	adult	mixed	8 week	Mus musculus							polyadenylated mRNA	rRNA	see document	see document		True	2012-02-29	ENCODE				2							ENCFF001IVU, ENCFF001IVV, ENCFF001IVY, ENCFF001IVZ, ENCFF483PAE	13095573179	ENCODE Processing Pipeline	0278c22f962f31231cb9df93b6dde21d		https://www.encodeproject.org/files/ENCFF854FPY/@@download/ENCFF854FPY.bam	mm10-minimal			archived				
ENCFF785OHZ	bam	transcriptome alignments	ENCSR000BYQ	RNA-seq	UBERON:0000948	heart	tissue	adult	mixed	8 week	Mus musculus							polyadenylated mRNA	rRNA	see document	see document		True	2012-02-29	ENCODE				2							ENCFF001IVU, ENCFF001IVV, ENCFF001IVY, ENCFF001IVZ, ENCFF483PAE	13025686887	ENCODE Processing Pipeline	a1c66db7fad84d02406c3ddae41ba27a		https://www.encodeproject.org/files/ENCFF785OHZ/@@download/ENCFF785OHZ.bam	mm10-minimal			archived				
ENCFF900GFK	bam	alignments	ENCSR000BYQ	RNA-seq	UBERON:0000948	heart	tissue	adult	mixed	8 week	Mus musculus							polyadenylated mRNA	rRNA	see document	see document		True	2012-02-29	ENCODE				1							ENCFF001IVS, ENCFF001IVT, ENCFF001IVW, ENCFF001IVX, ENCFF533JRE	12510485693	ENCODE Processing Pipeline	b4a1acfb9d5cb539c05c611508f7b758		https://www.encodeproject.org/files/ENCFF900GFK/@@download/ENCFF900GFK.bam	mm10			released				
ENCFF843HCD	bam	transcriptome alignments	ENCSR000BYQ	RNA-seq	UBERON:0000948	heart	tissue	adult	mixed	8 week	Mus musculus							polyadenylated mRNA	rRNA	see document	see document		True	2012-02-29	ENCODE				1							ENCFF001IVS, ENCFF001IVT, ENCFF001IVW, ENCFF001IVX, ENCFF533JRE	12032563652	ENCODE Processing Pipeline	d7642a0916aa8422ce1b20d3f5347a37		https://www.encodeproject.org/files/ENCFF843HCD/@@download/ENCFF843HCD.bam	mm10			released				
ENCFF864QFN	bam	alignments	ENCSR000BYQ	RNA-seq	UBERON:0000948	heart	tissue	adult	mixed	8 week	Mus musculus							polyadenylated mRNA	rRNA	see document	see document		True	2012-02-29	ENCODE				2							ENCFF001IVU, ENCFF001IVV, ENCFF001IVY, ENCFF001IVZ, ENCFF533JRE	13100938451	ENCODE Processing Pipeline	b8a997ce4a5837217ffd9c4e7c5280ef		https://www.encodeproject.org/files/ENCFF864QFN/@@download/ENCFF864QFN.bam	mm10			released				
ENCFF264RKJ	bam	transcriptome alignments	ENCSR000BYQ	RNA-seq	UBERON:0000948	heart	tissue	adult	mixed	8 week	Mus musculus							polyadenylated mRNA	rRNA	see document	see document		True	2012-02-29	ENCODE				2							ENCFF001IVU, ENCFF001IVV, ENCFF001IVY, ENCFF001IVZ, ENCFF533JRE	13101804256	ENCODE Processing Pipeline	b951846aabb16a7bb0af9f547e9cdb98		https://www.encodeproject.org/files/ENCFF264RKJ/@@download/ENCFF264RKJ.bam	mm10			released				
ENCFF001QNN	bam	alignments	ENCSR000CMB	RNA-seq	UBERON:0000948	heart	tissue	adult	male	8 week	Mus musculus							polyadenylated mRNA		see document	see document		False	2012-07-10	ENCODE				1							ENCFF001QNQ, ENCFF001QNR, ENCFF001QNS, ENCFF001QNT, ENCFF001QNU, ENCFF001QNV	1879064789	John Stamatoyannopoulos, UW	810859a012e60ac608e4528084255fff		https://www.encodeproject.org/files/ENCFF001QNN/@@download/ENCFF001QNN.bam	mm9			archived		biological replicates with identical biosample		
ENCFF001QOE	bam	alignments	ENCSR000CMB	RNA-seq	UBERON:0000948	heart	tissue	adult	male	8 week	Mus musculus							polyadenylated mRNA		see document	see document		False	2012-07-10	ENCODE				2							ENCFF001QNW, ENCFF001QNX, ENCFF001QNY, ENCFF001QNZ, ENCFF001QOA, ENCFF001QOB	2869908561	John Stamatoyannopoulos, UW	72ecd91f046d71ed64f7628e27d0212d		https://www.encodeproject.org/files/ENCFF001QOE/@@download/ENCFF001QOE.bam	mm9			archived		biological replicates with identical biosample		
